Geneid	2024	2025	2026
A4GALT	1698	1775	2007
ABCD1P4	5	3	5
ABHD17AP4	304	308	229
ABHD17AP5	819	907	781
ACO2	20355	19874	18469
ACO2P1	62	71	57
ACR	41	39	51
ACTBP15	2152	2283	2394
ACTR2P1	347	311	345
ACTR3BP6	2	3	0
ACTR3BP7	1	1	2
ADA2	33359	32195	35067
ADAMTS7P5	19	23	20
ADM2	417	404	379
ADORA2A	455	355	436
ADORA2A-AS1	63	54	53
ADSL	932	906	867
AIFM3	308	303	379
ALG12	3240	3005	3155
ANKRD54	3367	2901	2806
ANKRD62P1	8	5	5
ANKRD62P1-PARP4P3	7	7	5
ANP32BP2	6	7	6
AP1B1	22418	19989	20885
AP1B1P1	22	22	16
APOBEC3A	61838	62039	81291
APOBEC3B	6200	5591	5344
APOBEC3B-AS1	12	17	20
APOBEC3C	128695	122680	161305
APOBEC3D	996	1012	912
APOBEC3F	8247	7691	7922
APOBEC3G	62654	72694	53278
APOBEC3H	3434	3423	3273
APOL1	10708	9956	10640
APOL2	32579	34775	36410
APOL3	22578	20540	26913
APOL4	848	804	782
APOL5	4	2	3
APOL6	34193	30903	33922
ARFGAP3	21376	21608	22477
ARHGAP42P3	2	3	1
ARHGAP8	68	80	76
ARL5AP4	302	322	298
ARSA	18554	18094	23597
ARVCF	539	497	617
ASCC2	25540	23810	24254
ASH2LP1	222	237	232
ASH2LP2	29	31	29
ASH2LP3	10	9	17
ASH2LP4	13	20	13
ASLP1	89	92	84
ASPHD2	12618	12337	11809
ATF4	20872	19826	25073
ATP5MGL	371	384	509
ATP5PFP2	141	154	157
ATP6V1E1	71920	77643	73071
ATP6V1G3	1	0	0
ATXN10	26448	25997	17874
BAIAP2L2	189	177	203
BBLNP2	22	19	21
BCL2L13	13510	13053	14408
BCR	4778	4696	4291
BCRP1	1	0	2
BCRP3	28	32	27
BCRP4	8	10	11
BCRP6	1	1	1
BCRP8	13	7	18
BID	133246	144004	142688
BIK	5709	5956	4623
BMP6P1	2	2	3
BMS1P20	130	146	113
BPIFC	62	67	29
BRD1	4502	4561	5678
C1QTNF6	535	580	623
C22orf15	68	63	78
C22orf23	26	23	34
C22orf31	14	12	9
C22orf39	15940	15657	14712
C22orf42	26	28	28
C22orf46P	715	638	620
CA15P1	12	7	8
CA15P2	11	9	10
CABIN1	16668	18504	16257
CABP7	178	187	213
CABP7-DT	11	14	16
CACNA1I	594	580	592
CACNG2	92	99	98
CACNG2-DT	21	17	32
CARD10	282	261	208
CASTOR1	517	585	602
CBX6	39852	40326	44232
CBX7	8993	9765	7376
CBY1	2901	2825	2245
CCDC116	45	45	49
CCDC117	21278	20599	19111
CCDC134	2205	2017	2469
CCDC157	587	593	553
CCDC188	39	31	38
CCDC188BP	4	3	4
CCDC74BP1	3	5	3
CCT8L2	15	11	16
CDC42EP1	1306	1239	1203
CDC45	4262	4056	4226
CDPF1	6900	6480	8605
CECR2	202	188	174
CECR3	15	15	23
CECR9	2	2	1
CELSR1	631	659	599
CENPM	9127	9466	13734
CERK	8404	8399	7153
CES5AP1	2	1	2
CHADL	472	433	377
CHCHD10	16172	16368	18874
CHEK2	5819	7106	7798
CHKB	127	139	184
CHKB-DT	577	543	714
CIMAP1B	17768	17756	17175
CIMIP4	24	24	21
CLCP1	3	4	4
CLDN5	4897	5187	6725
CLTCL1	502	542	545
CNN2P1	91	83	79
COA1P1	10	12	14
COMT	64723	58001	55402
COX6B1P3	15	16	15
CPMER	4	8	5
CPT1B	83	70	92
CRELD2	17933	17129	17576
CRIP1P4	112	100	92
CRKL	45131	43339	45620
CRYBA4	15	14	19
CRYBB1	269	255	261
CRYBB2	25	19	22
CRYBB2P1	3867	3924	3235
CRYBB3	19	22	24
CSDC2	55	62	37
CSF2RB	83366	78831	93659
CSF2RBP1	20	12	24
CSNK1E	3064	3190	3406
CYB5R3	71614	64903	85378
CYP2D6	26	26	33
CYP2D7	96	99	110
CYP2D8P	22	18	12
CYTH4	55208	56405	55230
DDT	85	90	77
DDTL	1	3	2
DDX17	31854	28919	30002
DENND6B	3141	2787	2733
DEPDC5	2022	2122	1540
DERL3	2199	2185	1889
DESI1	10402	10600	10740
DGCR11	480	463	410
DGCR2	25426	24198	25238
DGCR5	328	303	446
DGCR6	76	96	87
DGCR6L	23177	21967	30091
DGCR8	1881	2196	1999
DMC1	344	365	452
DNAJA1P6	3	3	2
DNAJB7	41	53	28
DNAL4	5663	5245	3687
DRG1	35626	37823	43191
DRICH1	11	13	16
DUSP18	5504	5058	5156
DUXAP8	150	156	142
E2F6P1	22	25	17
E2F6P2	12	15	14
E2F6P3	21	27	22
EFCAB6	87	80	62
EFCAB6-AS1	14	13	11
EFCAB6-DT	145	147	123
EIF3D	60602	57174	61716
EIF3L	54079	53623	58292
EIF4ENIF1	5980	6116	5618
ELFN2	397	418	377
EMID1	4113	4370	3935
ENSG00000093100	28	27	33
ENSG00000181123	14	21	13
ENSG00000188078	35	27	33
ENSG00000197210	8	9	2
ENSG00000206028	3	4	3
ENSG00000206090	53	69	70
ENSG00000207751	156	112	161
ENSG00000212939	40	39	42
ENSG00000213279	28	27	37
ENSG00000213752	17	24	21
ENSG00000220702	5	9	8
ENSG00000222044	18	16	17
ENSG00000223461	801	717	504
ENSG00000223679	3	4	2
ENSG00000223726	20	16	16
ENSG00000223881	9	8	12
ENSG00000223999	4	8	7
ENSG00000224027	16	13	18
ENSG00000224277	5	8	4
ENSG00000224404	20	25	19
ENSG00000224715	30	33	39
ENSG00000224794	24	18	34
ENSG00000224883	6	8	4
ENSG00000225007	10	15	7
ENSG00000225172	2	0	4
ENSG00000225335	295	333	249
ENSG00000225450	18	20	19
ENSG00000225676	10	17	7
ENSG00000225741	9	9	12
ENSG00000225867	4	1	2
ENSG00000225929	13	18	11
ENSG00000226160	18	13	14
ENSG00000226169	3	5	7
ENSG00000226471	1229	1671	1744
ENSG00000226477	10	9	1
ENSG00000226595	3	1	2
ENSG00000226772	18	13	21
ENSG00000226872	2	1	2
ENSG00000226954	50	65	44
ENSG00000227370	9	6	6
ENSG00000227413	5	3	5
ENSG00000227484	13	12	21
ENSG00000227519	2	2	3
ENSG00000227710	3	5	5
ENSG00000227747	74	103	101
ENSG00000227755	1	1	1
ENSG00000227813	29	33	38
ENSG00000227880	4	6	0
ENSG00000228161	3	2	2
ENSG00000228587	2	2	1
ENSG00000228620	6	4	6
ENSG00000228622	3	1	2
ENSG00000228719	288	261	273
ENSG00000228923	6	2	6
ENSG00000229275	8	6	16
ENSG00000229673	1	0	0
ENSG00000229770	18	17	13
ENSG00000229955	2	2	3
ENSG00000229971	3	5	1
ENSG00000230051	13	9	11
ENSG00000230107	738	643	523
ENSG00000230120	2	0	1
ENSG00000230149	14	17	11
ENSG00000230471	4	3	7
ENSG00000230485	9	7	10
ENSG00000230637	6	9	4
ENSG00000230736	11	7	7
ENSG00000230912	4	5	7
ENSG00000230922	20	24	29
ENSG00000230947	1	0	0
ENSG00000231010	37	23	57
ENSG00000231271	132	126	130
ENSG00000231392	21	30	30
ENSG00000231405	3	2	5
ENSG00000231467	8	6	7
ENSG00000231495	3	5	0
ENSG00000232050	1	3	2
ENSG00000232350	2	0	5
ENSG00000232363	7	4	8
ENSG00000232464	1	0	2
ENSG00000232515	2	3	2
ENSG00000232545	10	5	6
ENSG00000232603	5	6	3
ENSG00000232897	8	12	10
ENSG00000233157	4	2	3
ENSG00000233179	8	9	3
ENSG00000233574	2	2	1
ENSG00000233577	18	16	20
ENSG00000233720	1	1	1
ENSG00000233739	1	0	0
ENSG00000233866	1	0	2
ENSG00000233995	10	8	19
ENSG00000234208	34	29	41
ENSG00000234503	3	3	1
ENSG00000234626	5	3	6
ENSG00000234630	4	6	3
ENSG00000234726	15	17	19
ENSG00000234891	3	2	2
ENSG00000234892	9	15	5
ENSG00000234913	23	18	21
ENSG00000234979	13	16	15
ENSG00000235091	17	13	17
ENSG00000235445	4	4	1
ENSG00000236003	45	42	47
ENSG00000236118	3	2	4
ENSG00000236540	263	267	248
ENSG00000236641	5	7	3
ENSG00000236754	7	8	7
ENSG00000236858	10	7	7
ENSG00000236867	9	2	14
ENSG00000236890	5	6	7
ENSG00000237015	5	9	8
ENSG00000237127	13	13	14
ENSG00000237316	4	4	2
ENSG00000237358	2	0	2
ENSG00000237387	3	2	3
ENSG00000237407	2	3	2
ENSG00000237439	10	12	11
ENSG00000237689	5	4	8
ENSG00000237862	49	37	40
ENSG00000238153	7	0	1
ENSG00000238192	4	2	6
ENSG00000238195	10	21	7
ENSG00000240591	102	101	73
ENSG00000241838	191	167	172
ENSG00000241954	60	51	53
ENSG00000248751	1	2	0
ENSG00000249333	7	11	9
ENSG00000250470	1	1	2
ENSG00000252143	2	2	1
ENSG00000254499	4	4	2
ENSG00000259421	58	57	47
ENSG00000260613	52	59	50
ENSG00000267338	2	0	5
ENSG00000268818	4	7	8
ENSG00000270022	105	133	105
ENSG00000270083	46	54	51
ENSG00000271127	2	2	2
ENSG00000272582	7	13	10
ENSG00000272669	343	328	372
ENSG00000272682	3	3	2
ENSG00000272689	18	18	19
ENSG00000272720	10	14	8
ENSG00000272733	8	7	8
ENSG00000272787	12	15	13
ENSG00000272798	2	4	1
ENSG00000272829	368	354	318
ENSG00000272834	5	6	6
ENSG00000272836	15	13	11
ENSG00000272858	52	53	78
ENSG00000272942	76	82	56
ENSG00000272973	64	64	56
ENSG00000272977	49	49	43
ENSG00000273044	10	12	4
ENSG00000273068	4	4	6
ENSG00000273076	394	354	372
ENSG00000273096	8	6	9
ENSG00000273139	96	88	102
ENSG00000273145	595	659	582
ENSG00000273176	155	148	128
ENSG00000273192	3	1	4
ENSG00000273212	4	5	1
ENSG00000273214	12	6	10
ENSG00000273216	3	2	2
ENSG00000273243	4	4	3
ENSG00000273272	1124	1242	1155
ENSG00000273287	48	53	45
ENSG00000273295	65	65	91
ENSG00000273325	1	0	0
ENSG00000273342	2	3	5
ENSG00000273343	23	16	16
ENSG00000273350	22	22	20
ENSG00000273353	3	1	5
ENSG00000273362	2	2	0
ENSG00000273387	44	62	45
ENSG00000273424	37	49	32
ENSG00000273428	34	27	34
ENSG00000273442	8	8	6
ENSG00000274381	9	9	11
ENSG00000274422	138	119	158
ENSG00000274625	1	0	0
ENSG00000275361	28	23	17
ENSG00000275609	1	1	0
ENSG00000275656	1	2	3
ENSG00000275772	52	61	67
ENSG00000277690	1	2	0
ENSG00000278655	8	9	8
ENSG00000278657	4	6	3
ENSG00000278667	3	5	3
ENSG00000278869	161	169	164
ENSG00000278881	51	51	44
ENSG00000278890	24	21	23
ENSG00000278920	82	63	88
ENSG00000278948	8	7	18
ENSG00000278960	1	0	1
ENSG00000279006	15	11	16
ENSG00000279080	199	244	159
ENSG00000279085	13	16	10
ENSG00000279110	59	65	69
ENSG00000279175	414	374	402
ENSG00000279182	50	54	80
ENSG00000279217	86	83	108
ENSG00000279278	73	96	86
ENSG00000279298	2	3	1
ENSG00000279345	43	40	50
ENSG00000279440	11	15	18
ENSG00000279442	1	0	1
ENSG00000279467	48	47	51
ENSG00000279494	158	137	211
ENSG00000279548	6	8	1
ENSG00000279597	8	4	12
ENSG00000279642	5	5	1
ENSG00000279652	38	34	37
ENSG00000279699	16	12	16
ENSG00000279712	65	49	73
ENSG00000279714	11	12	11
ENSG00000279738	465	402	449
ENSG00000279805	123	139	124
ENSG00000279833	84	96	91
ENSG00000279848	6	7	4
ENSG00000279914	3	3	6
ENSG00000279927	35	41	29
ENSG00000279933	89	84	61
ENSG00000279954	45	54	44
ENSG00000279973	12	9	8
ENSG00000280007	345	312	353
ENSG00000280011	133	130	151
ENSG00000280025	23	28	24
ENSG00000280199	5	5	2
ENSG00000280216	35	41	37
ENSG00000280224	5	7	7
ENSG00000280312	9	8	4
ENSG00000280341	2	4	3
ENSG00000280356	25	28	18
ENSG00000280383	431	448	536
ENSG00000280384	11	11	10
ENSG00000280395	18	12	13
ENSG00000280418	78	83	96
ENSG00000280424	62	61	52
ENSG00000280434	149	148	116
ENSG00000280445	10	13	7
ENSG00000281530	12	9	14
ENSG00000281538	31	34	23
ENSG00000281732	45	52	79
ENSG00000282012	24	29	22
ENSG00000282041	10	14	10
ENSG00000282602	10	17	8
ENSG00000283535	9	8	7
ENSG00000283583	3	3	0
ENSG00000284070	40	33	41
ENSG00000284294	31	27	28
ENSG00000284431	2	3	2
ENSG00000284633	136	153	103
ENSG00000284665	18	13	15
ENSG00000284874	23	24	34
ENSG00000285045	9	9	6
ENSG00000285314	19	18	15
ENSG00000285531	893	923	1087
ENSG00000285623	8	13	11
ENSG00000285707	17	18	13
ENSG00000285722	28	29	20
ENSG00000285855	6	5	2
ENSG00000285968	16	9	20
ENSG00000286127	6	6	7
ENSG00000286129	196	214	168
ENSG00000286144	14	17	11
ENSG00000286195	7	12	8
ENSG00000286326	63	65	54
ENSG00000286365	7	10	4
ENSG00000286393	50	52	55
ENSG00000286406	1	1	1
ENSG00000286440	8	9	12
ENSG00000286485	23	17	16
ENSG00000286491	5	4	4
ENSG00000286508	72	79	82
ENSG00000286659	18	22	15
ENSG00000286801	18	17	22
ENSG00000286990	6	7	3
ENSG00000287034	9	3	8
ENSG00000287146	14	14	14
ENSG00000287219	5	7	4
ENSG00000287225	32	29	28
ENSG00000287236	13	5	21
ENSG00000287269	629	596	553
ENSG00000287285	2	1	1
ENSG00000287652	32	30	23
ENSG00000287773	11	7	10
ENSG00000287817	175	177	192
ENSG00000287864	12	7	13
ENSG00000287967	16	15	15
ENSG00000287989	191	214	163
ENSG00000288106	169	171	157
ENSG00000288153	1	0	1
ENSG00000288540	26	21	22
ENSG00000288719	336	338	425
ENSG00000288777	7	5	11
ENSG00000288778	165	126	197
ENSG00000288811	35	35	38
ENSG00000288834	18	25	8
ENSG00000288861	193	192	208
ENSG00000288871	36	30	43
ENSG00000289044	5	3	3
ENSG00000289120	158	194	154
ENSG00000289244	36	26	35
ENSG00000289292	40	39	22
ENSG00000289481	11	11	10
ENSG00000289489	6	9	6
ENSG00000289564	255	271	310
ENSG00000289841	58	54	62
ENSG00000289846	2	2	2
ENSG00000289858	922	861	979
ENSG00000289873	4	2	5
ENSG00000289888	297	382	275
ENSG00000289946	13	15	8
ENSG00000289947	2414	2411	1785
ENSG00000289960	258	276	279
ENSG00000289963	2771	2769	2324
ENSG00000290199	350	304	418
ENSG00000290397	33	31	38
ENSG00000290415	1	0	1
ENSG00000290416	9	10	11
ENSG00000290711	20	20	21
ENSG00000290778	100	102	83
ENSG00000290796	43	42	45
ENSG00000290799	5	4	7
ENSG00000290920	61	82	54
ENSG00000290922	307	281	320
ENSG00000290931	1363	1381	1187
ENSG00000290950	135	123	110
ENSG00000290981	1265	1215	1328
ENSG00000290983	33	17	32
ENSG00000290990	55	45	67
ENSG00000291015	2122	2204	2218
ENSG00000291044	43	40	44
ENSG00000291064	3152	3155	2460
ENSG00000293202	10	9	3
ENSG00000293370	1	1	0
ENSG00000293427	160	168	138
ENSG00000293718	4	2	6
ENSG00000293884	15	16	16
ENSG00000294008	315	348	243
ENSG00000294022	1	0	1
ENSG00000294058	5	2	10
ENSG00000294146	141	158	144
ENSG00000294313	37	34	50
ENSG00000294355	1770	1803	1442
ENSG00000294412	12	15	9
ENSG00000294461	4	4	5
ENSG00000294472	42	41	41
ENSG00000294480	16	12	15
ENSG00000294483	5	2	6
ENSG00000294512	24121	24346	26670
ENSG00000294602	4	1	2
ENSG00000294606	3	6	6
ENSG00000294629	5	7	10
ENSG00000294751	4	6	2
ENSG00000294783	159	156	243
ENSG00000294819	39	33	27
ENSG00000294928	14	20	21
ENSG00000294968	209	204	199
ENSG00000295055	17	8	16
ENSG00000295065	5	4	4
ENSG00000295071	3	3	4
ENSG00000295080	6	7	11
ENSG00000295107	26	23	25
ENSG00000295282	4	6	7
ENSG00000295360	12	10	11
ENSG00000295361	15	12	21
ENSG00000295393	8	7	12
ENSG00000295412	13	13	19
ENSG00000295434	23	18	15
ENSG00000295452	4	10	5
ENSG00000295474	1	0	1
ENSG00000295501	12	15	17
ENSG00000295601	21	22	26
ENSG00000295622	1	0	1
ENSG00000295759	4	3	2
ENSG00000295778	33	38	30
ENSG00000295854	4	3	6
ENSG00000295865	7	9	7
ENSG00000295876	3	0	6
ENSG00000295890	3	3	3
ENSG00000296052	13	10	13
ENSG00000296155	4	5	3
ENSG00000296191	1	1	0
ENSG00000296232	6	5	5
ENSG00000296310	8	11	3
ENSG00000296451	616	598	672
ENSG00000296466	3	5	4
ENSG00000296469	255	243	223
ENSG00000296570	4	3	6
ENSG00000296627	11	9	9
ENSG00000296654	20	16	17
ENSG00000296742	5	4	5
ENSG00000296781	12	10	10
ENSG00000296820	7	6	11
ENSG00000296836	19	9	12
ENSG00000296842	16	16	16
ENSG00000296914	7	16	7
ENSG00000297074	15	17	11
ENSG00000297138	6	8	4
ENSG00000297155	48	53	44
ENSG00000297177	239	174	287
ENSG00000297194	7	6	6
ENSG00000297197	25	24	18
ENSG00000297273	2	2	3
ENSG00000297345	6	7	8
ENSG00000297505	6	6	4
ENSG00000297546	4	3	4
ENSG00000297571	7	4	12
ENSG00000297590	25	41	36
ENSG00000297713	14	10	7
ENSG00000297738	5	3	6
ENSG00000297748	64	61	100
ENSG00000297762	13	11	21
ENSG00000297777	2	3	0
ENSG00000297861	3	4	3
ENSG00000297903	1	1	2
ENSG00000297940	2	3	0
ENSG00000298026	7	7	12
ENSG00000298045	14	10	11
ENSG00000298068	6	3	5
ENSG00000298130	5	6	5
ENSG00000298208	3	1	2
ENSG00000298301	5	4	4
ENSG00000298316	9	9	3
ENSG00000298334	7	10	10
ENSG00000298339	59	70	39
ENSG00000298378	3	4	2
ENSG00000298407	8	10	8
ENSG00000298470	43	47	44
ENSG00000298484	158	136	128
ENSG00000298486	11	12	15
ENSG00000298513	38	44	37
ENSG00000298537	18	16	13
ENSG00000298545	4	4	2
ENSG00000298609	19	15	24
ENSG00000298663	6	3	5
ENSG00000298665	24	33	34
ENSG00000298701	44	44	49
ENSG00000298703	22	20	26
ENSG00000298726	10	8	12
ENSG00000298743	9	10	9
ENSG00000298759	23	23	18
ENSG00000298765	15	8	28
ENSG00000298810	42	40	37
ENSG00000298832	33	37	28
ENSG00000298965	21	27	30
ENSG00000299016	4	8	6
ENSG00000299076	2	1	0
ENSG00000299103	7	5	11
ENSG00000299104	5	4	5
ENSG00000299123	4	5	11
ENSG00000299144	66	80	82
ENSG00000299145	7	0	8
ENSG00000299161	19	24	35
ENSG00000299199	37	32	36
ENSG00000299223	7	9	14
ENSG00000299267	7	3	4
ENSG00000299465	4	6	6
ENSG00000299489	2	2	2
ENSG00000299503	12	11	3
ENSG00000299520	2	2	0
ENSG00000299567	8	10	6
ENSG00000299581	26	24	28
ENSG00000299733	11	17	12
ENSG00000299757	21	14	14
ENSG00000299773	5459	4857	5960
ENSG00000299784	7	2	8
ENSG00000299801	2	2	2
ENSG00000299803	3	2	7
ENSG00000299904	23	23	34
ENSG00000299949	4	6	5
ENSG00000300120	1	1	0
ENSG00000300150	10	11	11
ENSG00000300169	71	83	62
ENSG00000300174	5	2	8
ENSG00000300226	13	10	14
ENSG00000300291	1	2	4
ENSG00000300440	14	16	21
ENSG00000300451	21	25	24
ENSG00000300548	15	14	13
ENSG00000300623	26	22	31
ENSG00000300687	3	3	4
ENSG00000300724	8	8	8
ENSG00000300754	15	20	16
ENSG00000300892	4	4	2
ENSG00000300957	4	6	9
ENSG00000300959	2	2	6
ENSG00000300982	4	2	4
ENSG00000301075	5	3	3
ENSG00000301306	22	26	28
ENSG00000301322	5	4	9
ENSG00000301328	10	10	5
ENSG00000301405	5	4	6
ENSG00000301473	3	4	5
ENSG00000301496	12	11	17
ENSG00000301505	32	37	28
ENSG00000301540	16	12	18
ENSG00000301561	9	7	9
ENSG00000301612	52	49	53
ENSG00000301723	20	25	21
ENSG00000301739	8	7	12
ENSG00000301754	25	27	32
ENSG00000301767	41	41	38
ENSG00000302054	9	9	9
ENSG00000302057	69	74	51
ENSG00000302076	4	8	5
ENSG00000302134	11	9	8
ENSG00000302270	79	82	80
ENSG00000302395	3	1	1
ENSG00000302490	1	1	0
ENSG00000302501	4	5	3
ENSG00000302582	1	1	1
ENSG00000302604	1	0	1
ENSG00000302643	5	6	1
ENSG00000302720	1	0	1
ENSG00000302740	12	9	14
ENSG00000302749	11	13	6
ENSG00000302840	9	6	11
ENSG00000302854	7	9	5
ENSG00000302858	4	0	6
ENSG00000302971	4	5	3
ENSG00000302993	3	2	3
ENSG00000303017	2	3	3
ENSG00000303026	2	1	2
ENSG00000303069	1	0	0
ENSG00000303129	8	7	11
ENSG00000303141	3	3	6
ENSG00000303151	1	2	3
ENSG00000303177	8	12	9
ENSG00000303205	17	22	17
ENSG00000303227	4	5	4
ENSG00000303430	10	13	12
ENSG00000303445	97	86	87
ENSG00000303454	11	8	10
ENSG00000303492	14	15	17
ENSG00000303516	14	13	14
ENSG00000303537	26	27	24
ENSG00000303605	6	6	3
ENSG00000303612	27	25	27
ENSG00000303883	21	22	21
ENSG00000303940	31	33	30
ENSG00000303951	7	8	7
ENSG00000304026	2	1	1
ENSG00000304096	38	33	29
ENSG00000304254	17	18	18
ENSG00000304282	114	124	177
ENSG00000304318	4	2	3
ENSG00000304364	8	6	7
ENSG00000304386	11	15	8
ENSG00000304424	9	11	7
ENSG00000304445	1	1	1
ENSG00000304449	27	24	29
ENSG00000304470	12	6	6
ENSG00000304489	2	1	2
ENSG00000304491	60	55	45
ENSG00000304686	5	2	6
ENSG00000304876	255	284	296
ENSG00000304926	11	16	11
ENSG00000304943	1	2	0
ENSG00000304944	9	10	10
ENSG00000305190	13	20	10
ENSG00000305333	8	15	10
ENSG00000305420	83	61	78
ENSG00000305435	287	270	290
ENSG00000305592	23	17	27
ENSG00000305663	23	20	16
ENSG00000305681	47	52	49
ENSG00000305857	9	10	8
ENSG00000306064	11	19	15
ENSG00000306112	7	3	12
ENSG00000306130	1	0	1
ENSG00000306155	14	10	8
ENSG00000306187	28	33	20
ENSG00000306238	8	11	5
ENSG00000306452	26	21	35
ENSG00000306469	6	10	11
ENSG00000306608	44	45	48
ENSG00000306617	4	4	3
ENSG00000306709	18	22	31
ENSG00000306790	3	3	2
ENSG00000306955	7	9	9
ENSG00000306993	9	12	8
ENSG00000307165	1	0	1
ENSG00000307221	1	0	1
ENSG00000307305	25	42	20
ENSG00000307365	1155	1175	1322
ENSG00000307538	40	35	38
ENSG00000307555	3	4	6
ENSG00000307556	5	7	9
ENSG00000307561	195	197	109
ENSG00000307596	90	88	85
ENSG00000307604	8	13	6
ENSG00000307622	309	358	280
ENSG00000307633	5	2	9
ENSG00000307640	14	11	11
ENSG00000307654	8	9	4
ENSG00000307679	2	2	2
ENSG00000307720	3	2	3
ENSG00000307761	7	3	11
ENSG00000307798	200	182	165
ENSG00000307819	15	14	26
ENSG00000307847	12	11	7
ENSG00000307862	17	19	11
ENSG00000307928	9	9	10
ENSG00000308374	2	3	1
ENSG00000308395	1	1	1
ENSG00000308419	1	0	0
ENSG00000308444	14	14	13
ENSG00000308520	3	3	2
ENSG00000308539	10	8	7
ENSG00000308679	3	1	4
ENSG00000308760	15	9	13
ENSG00000308779	14	12	15
ENSG00000308781	11	10	8
ENSG00000308791	6	5	11
ENSG00000308799	5	3	5
ENSG00000309045	3	2	0
ENSG00000309048	14	10	8
ENSG00000309254	475	508	627
ENSG00000309298	45	55	50
ENSG00000309348	1	0	1
ENSG00000309455	477	531	383
ENSG00000309628	7	8	8
ENSG00000309667	2	2	2
ENSG00000309773	2	1	2
ENSG00000309895	20	18	15
ENSG00000309920	7	7	7
ENSG00000309931	33	25	15
ENSG00000309947	2	0	2
ENSG00000309962	7	6	6
ENSG00000310037	17	8	28
ENSG00000310052	89	80	79
ENSG00000310070	73	61	82
ENSG00000310096	4	4	3
ENSG00000310179	10	12	10
ENSG00000310236	34	44	33
ENSG00000310243	12	14	11
ENSG00000310416	273	213	309
ENTHD1	64	61	86
EP300	15373	16453	14137
EP300-AS1	116	120	118
EPIC1	195	207	232
ESS2	11650	11076	12931
ETFRF1P1	56	58	43
EWSR1	127839	153764	150534
FAM118A	5325	5144	4974
FAM136EP	13	9	16
FAM227A	224	267	310
FAM230A	1	0	3
FAM230B	16	21	13
FAM230D	3	1	6
FAM230E	6	4	2
FAM230F	10	4	7
FAM230G	19	24	11
FAM230H	11	10	9
FAM230I	32	27	44
FAM230J	1	0	0
FAM246A	39	57	36
FAM246B	19	25	20
FAM246C	51	57	48
FAM247A	167	182	193
FAM247B	16	14	13
FAM32BP	542	558	666
FAM83F	154	166	169
FBLN1	230	177	252
FBXO7	62228	64136	58453
FBXW4P1	166	165	173
FOXRED2	1574	1745	1542
FRG1FP	4	7	2
FRG1GP	21	32	16
FUNDC2P4	22	23	20
GAB4	25	22	30
GAL3ST1	142	132	138
GALR3	119	112	92
GAPDHP37	13	11	14
GAS2L1	9136	9947	9433
GCAT	1516	1704	1533
GGA1	11708	11120	13383
GGT1	168	156	193
GGT2P	5	9	5
GGT5	120	100	96
GGTLC2	34	39	29
GGTLC3	23	24	24
GGTLC5P	19	20	20
GNAZ	2483	2847	2287
GNB1L	3856	4421	3868
GOLGA2P4	2	0	1
GP1BB	75	85	93
GRAMD4	4747	4822	5233
GRAMD4P2	9	11	11
GRAP2	37052	39177	41587
GRK3	5803	6848	4937
GRK3-AS1	23	18	14
GSC2	72	63	66
GSTT2	31	34	27
GSTT2B	30	27	33
GSTT3P	62	62	48
GSTT4	62	60	72
GTPBP1	8231	7905	9936
GTSE1	3289	3365	2474
GTSE1-DT	177	172	195
GUCD1	27068	30070	23801
GUSBP11	1111	1370	1287
H1-0	117459	112738	116572
H2AZP6	26	26	30
HDAC10	38	42	43
HDHD5	29608	31277	35819
HDHD5-AS1	46	61	40
HIC2	1345	1347	1512
HIRA	2692	2639	3267
HMGN2P10	294	296	305
HMGN2P9	57	59	85
HMGXB4	7695	8376	7228
HMOX1	31822	33048	37331
HORMAD2	15	19	14
HORMAD2-AS1	122	134	145
HPS4	7162	7927	7069
HSCB	3821	4012	3605
HSFY1P1	2	0	0
IFT27	7231	7412	6610
IGKV1OR22-1	20	17	13
IGKV1OR22-5	33	36	31
IGKV2OR22-3	21	23	24
IGKV2OR22-4	25	11	27
IGKV3OR22-2	12	16	16
IGLC2	89888	98806	110659
IGLC3	26527	27124	21538
IGLC4	100	98	98
IGLC5	206	183	210
IGLC6	368	395	384
IGLC7	266	271	260
IGLCOR22-1	27	30	24
IGLCOR22-2	9	14	13
IGLJ2	835	849	905
IGLJ3	1985	2039	1966
IGLJ4	1	0	0
IGLJ5	12	10	9
IGLJ6	29	31	21
IGLJ7	12	7	15
IGLL1	88	115	74
IGLL5	1794	1743	1828
IGLV1-36	1226	1264	1161
IGLV1-40	14587	15922	17872
IGLV1-41	51	49	22
IGLV1-44	22936	23141	20251
IGLV1-47	54943	52048	85662
IGLV1-50	121	137	90
IGLV1-51	319	273	261
IGLV1-62	234	248	258
IGLV10-54	1553	1621	1102
IGLV11-55	10	8	10
IGLV2-11	6375	6336	9037
IGLV2-14	31877	30550	24943
IGLV2-18	2213	2547	1553
IGLV2-23	14554	12858	11604
IGLV2-28	569	457	651
IGLV2-33	36	36	47
IGLV2-34	98	93	93
IGLV2-5	1470	1406	1632
IGLV2-8	3394	3598	4256
IGLV3-1	9508	9664	12640
IGLV3-10	1771	1714	1656
IGLV3-12	94	103	69
IGLV3-13	65	65	64
IGLV3-15	10	13	6
IGLV3-16	1040	1021	1008
IGLV3-17	30	37	31
IGLV3-19	5584	5194	6677
IGLV3-2	8	9	4
IGLV3-21	15319	14393	14899
IGLV3-22	87	81	103
IGLV3-24	29	23	21
IGLV3-25	182188	178585	183784
IGLV3-26	17	18	15
IGLV3-27	1006	875	1066
IGLV3-29	33	40	58
IGLV3-30	24	27	13
IGLV3-31	19	21	11
IGLV3-32	32	36	36
IGLV3-4	9	12	13
IGLV3-6	52	42	60
IGLV3-7	20	20	14
IGLV3-9	10749	11331	8399
IGLV4-3	281	336	333
IGLV4-60	356	382	395
IGLV4-69	6291	6661	4631
IGLV5-37	218	215	213
IGLV5-45	2501	2776	1929
IGLV5-48	53	41	53
IGLV5-52	4	4	1
IGLV6-57	25208	25449	28650
IGLV7-35	22	19	22
IGLV7-43	1239	1197	1054
IGLV7-46	1037	961	1204
IGLV8-61	14000	14652	11095
IGLV9-49	2124	2054	2251
IGLVI-20	15	14	14
IGLVI-38	26	21	21
IGLVI-42	14	17	25
IGLVI-56	3	4	4
IGLVI-63	33	27	44
IGLVI-68	5	9	2
IGLVI-70	159	172	206
IGLVIV-53	9	6	12
IGLVIV-59	1	1	0
IGLVIV-64	8	8	9
IGLVIV-66-1	5	0	3
IGLVIVOR22-1	3	3	2
IGLVIVOR22-2	3	2	4
IGLVV-58	10	8	10
IGLVV-66	19	21	15
IGLVVI-22-1	1	1	0
IGLVVI-25-1	6	8	6
IGLVVII-41-1	8	9	10
IL17RA	66198	64853	63816
IL17REL	122	115	100
IL2RB	50881	47010	44776
IL2RB-AS1	50	56	81
IL9RP6	4	3	7
INPP5J	235	254	217
ISCA2P1	65	61	77
ISX	69	74	58
JOSD1	3043	3331	3715
JTBP1	1	3	4
KCNJ4	124	107	150
KCNMB3P1	8	11	7
KCTD17	4302	4586	2825
KDELR3	457	487	381
KIAA0930	48993	52105	39595
KIAA1671	278	285	287
KIAA1671-AS1	4	3	4
KLHDC7B	27280	26111	22159
KLHDC7B-DT	2000	2247	1984
KLHL12P1	189	196	185
KLHL22	4747	5643	5207
KLHL5P1	38	38	35
KREMEN1	852	950	817
KRT18P23	21	21	13
KRT18P5	52	37	58
KRT18P62	10	8	8
L3MBTL2	7293	7034	6269
L3MBTL2-AS1	359	365	302
LARGE-AS1	24	21	23
LARGE-IT1	4	6	3
LARGE1	1686	1705	1802
LARGE1-AS1	6	2	3
LGALS1	86714	99484	101619
LGALS2	14797	15393	12315
LHFPL7	4	5	3
LIF	116	122	83
LIF-AS1	7	10	4
LIF-AS2	27	25	23
LIMK2	22454	21875	26516
LINC00207	9	6	7
LINC00229	27	37	34
LINC00528	5025	5337	4731
LINC00895	30	33	23
LINC00896	59	70	60
LINC00898	38	36	49
LINC00899	1374	1218	1123
LINC01222	5	2	2
LINC01310	67	71	61
LINC01311	124	143	104
LINC01315	199	200	185
LINC01399	44	40	32
LINC01521	292	270	302
LINC01589	36	36	30
LINC01634	14	9	8
LINC01637	847	931	630
LINC01638	28	27	17
LINC01639	20	16	23
LINC01640	9	8	10
LINC01643	10	12	15
LINC01644	118	129	116
LINC01651	2	2	2
LINC01656	15	19	11
LINC01659	147	146	101
LINC01664	456	466	398
LINC01665	7	5	7
LINC02554	32	34	38
LINC02556	6	7	6
LINC02557	2	3	1
LINC02558	13	11	10
LINC02559	6	2	7
LINC02885	37	42	41
LINC02891	44	47	55
LINC02925	79	76	54
LINC02939	123	118	129
LL22NC01-81G9.3	15	10	25
LL22NC03-63E9.3	27	25	20
LMF2	16187	15470	17152
LRRC37A14P	14	18	17
LRRC74B	36	43	43
LRRC75B	468	476	421
LZTR1	458	426	446
MAFF	3951	3580	4854
MAPK1	40307	43442	33166
MAPK11	591	518	627
MAPK12	2019	1830	1603
MAPK8IP2	501	434	567
MB	28	37	25
MCAT	4493	4779	5457
MCHR1	27	23	26
MCM5	32518	31748	26854
MED15	17725	17305	22279
MEI1	14246	16887	18164
MFNG	92889	95639	107133
MGAT3	1560	1562	1375
MGAT3-AS1	156	174	162
MIAT	430	407	429
MIATNB	4144	4073	3591
MICAL3	536	548	709
MICALL1	3061	3104	3106
MIEF1	8485	8529	5460
MIF	46	44	54
MIF-AS1	10	6	15
MIOX	55	58	69
MIR1249	3	1	4
MIR1286	1	2	1
MIR181A1HG	735	596	907
MIR185	1	0	0
MIR3198-1	29	23	21
MIR3619	3	4	2
MIR3667HG	3781	2966	3706
MIR3928	8	13	7
MIR4534	1	0	4
MIR4535	1	0	0
MIR4762	1	0	1
MIR4764	2	1	1
MIR4766	1	1	1
MIR548J	1	0	3
MIR5571	2	1	2
MIR6069	1	0	1
MIR648	1	0	0
MIR659	15	20	16
MIR6816	2	4	1
MIR6817	1	0	0
MIR6820	2	0	0
MIR6821	1	2	0
MIR6889	2	2	4
MIRLET7BHG	1650	1700	1535
MLC1	4245	4654	3317
MMP11	390	446	348
MN1	160	171	172
MORC2	6226	6536	6994
MORC2-AS1	55	46	52
MOV10L1	140	146	173
MPPE1P2	1320	1229	1393
MPPED1	88	72	76
MPST	7719	7406	7533
MRPL40	18972	18965	15151
MRPS16P3	4	2	3
MRPS18CP6	18	20	26
MRTFA	18258	19029	20316
MRTFA-AS1	24	30	24
MTCO1P20	2	1	5
MTCO2P20	2	0	2
MTCO3P20	1	1	1
MTCYBP34	3	4	5
MTFP1	1699	1540	1667
MTFR2P2	7	5	2
MTMR3	17863	18800	22392
MTND1P10	6	6	5
MTND1P17	1	2	2
MYH9	124306	122171	153092
MYH9-DT	310	289	297
MYO18B	176	198	137
MYO18B-AS1	28	34	37
Metazoa_SRP	61	61	52
NAGA	43741	38772	45228
NBEAP3	1	1	0
NCAPH2	10039	9343	9042
NCF4	159709	147922	135998
NCF4-AS1	62	59	55
NDUFA6	18597	17857	13881
NDUFA6-DT	194	178	204
NDUFA9P1	498	562	519
NEFH	1480	1541	1408
NEK2P2	5	5	4
NEK7	56906	68452	73416
NF1P6	1	1	0
NF2	23973	23173	30093
NFAM1	27487	22487	26507
NHIP	63	81	47
NIPSNAP1	15337	13805	16073
NOL12	1201	1086	1207
NPTXR	513	535	421
NUP50	56957	69330	72187
NUP50-DT	3930	4374	3502
OGFRP1	430	477	338
OLA1P1	1253	1309	1548
OR11H1	2	2	0
OSBP2	3089	3280	2778
OSM	7063	7367	5359
P2RX6	43	42	54
PABPC1P9	5	4	3
PACSIN2	37734	35838	38363
PANX2	2259	2318	2678
PARP4P3	5	4	10
PARVB	42153	41895	41819
PARVG	45446	42167	34617
PATZ1	6015	5425	5219
PCAT14	68	84	87
PDGFB	1317	1463	1147
PDXP	3744	4060	3871
PDXP-DT	32	30	41
PEBP1P3	414	438	505
PES1	34698	37493	28437
PES1-AS1	4	5	4
PEX26	2123	2063	2368
PHETA2	1931	2049	1899
PHF10P2	99	83	119
PHF21B	121	115	195
PHF5A	28638	25608	22726
PI4KA	5976	5660	5790
PI4KAP1	586	627	396
PICK1	1584	1352	1676
PIK3IP1	66309	68774	69766
PIK3IP1-DT	186	191	182
PIM3	50324	52512	45396
PISD	20381	20893	14684
PITPNB	34887	39342	37230
PIWIL3	33	38	29
PKDREJ	177	150	147
PLA2G3	39	46	35
PLA2G6	1120	1137	825
PLXNB2	6879	7004	7362
PMM1	5616	5809	5429
PNPLA3	76	62	66
PNPLA5	72	70	76
POLDIP3	7	2	6
POLR2F	20429	23311	21662
POLR3H	8995	8160	7537
POM121L10P	3	2	3
POM121L15P	58	56	61
POM121L1P	5	5	8
POM121L4P	2	1	0
POM121L7P	19	16	12
POM121L8P	9	10	5
POM121L9P	79	80	72
POTEH	1	0	2
POTEH-AS1	1	1	1
PPARA	4873	4324	4181
PPIL2	7446	7737	8789
PPM1F	12131	12590	12731
PPM1F-AS1	1497	1519	1533
PPP1R26P2	15	10	18
PPP1R26P3	26	18	28
PPP1R26P4	12	10	11
PPP1R26P5	28	23	27
PPP6R2	7754	8301	10539
PRAME	251	322	201
PRAMENP	61	68	69
PRDX3P1	733	623	781
PRODH	73	63	86
PRODHLP	109	143	117
PRR13P1	90	84	81
PRR14L	5686	6641	6461
PRR34	326	416	205
PRR5	1868	1774	1688
PRR5-ARHGAP8	5	7	2
PSLNR	18	21	7
PTPRC	276478	249904	229681
PTPRC-AS1	450	432	466
PVALB	210	192	248
RAB36	408	374	432
RABL2B	9261	8527	8471
RAC2	437688	396941	463585
RANBP1	72990	73077	74475
RANGAP1	18841	17618	21858
RASD2	116	117	132
RASL10A	192	157	195
RBFOX2	816	863	682
RBX1	90696	97006	80991
RFKP4	11	9	11
RFPL1	1	0	0
RFPL1S	266	293	260
RFPL2	179	185	209
RFPL3	6	7	7
RFPL3S	37	44	46
RFPL4AP6	4	3	3
RGL4	49068	48771	44879
RGL4P1	143	151	147
RHBDD3	3269	3274	2500
RHEBP3	2	3	1
RIBC2	143	116	144
RIMBP3	228	245	189
RIMBP3B	256	229	272
RIMBP3C	104	105	113
RN7SKP169	1	0	1
RN7SKP210	1	0	0
RN7SKP214	6	4	5
RN7SKP221	5	4	7
RN7SKP252	6	5	2
RN7SKP80	69	46	49
RN7SL162P	3	1	7
RN7SL168P	1	1	0
RN7SL20P	7	5	7
RN7SL263P	20	29	16
RN7SL268P	4	2	7
RN7SL280P	2	4	0
RN7SL385P	6	4	3
RN7SL704P	2	3	3
RN7SL757P	2	2	5
RN7SL812P	1	1	1
RN7SL843P	5	6	2
RNA5SP493	2	1	2
RNA5SP494	4	3	7
RNA5SP495	1	0	0
RNF185	12428	12777	9135
RNF215	343	330	379
RNU6-1066P	1	2	0
RNU6-1128P	10	7	8
RNU6-1161P	1	4	1
RNU6-225P	1	1	0
RNU6-375P	7	9	10
RNU6-379P	8	7	10
RNU6-476P	8	8	9
RNU6-495P	2	3	1
RNU6-564P	6	7	5
RNU6ATAC22P	2	3	2
RNY1P9	14	15	16
RPEP4	68	63	69
RPL13AP26	571	615	523
RPL15P22	1828	1789	2434
RPL17P52	7	7	9
RPL28P6	52	53	42
RPL3	813560	757884	832826
RPL31P62	19	18	8
RPL32P5	42	39	42
RPL34P35	17	23	29
RPL35AP36	151	158	164
RPL35P8	33	29	42
RPL36P17	5	5	7
RPL39P41	9	10	11
RPL4P6	162	164	131
RPL5P34	1208	1200	1114
RPL5P35	28	14	20
RPL7AP70	1534	1433	1195
RPL7P52	172	168	151
RPL8P5	17	19	14
RPS10P29	37	30	27
RPS10P30	16	13	19
RPS15AP37	15	17	17
RPS15AP38	189	202	168
RPS17P16	2131	2130	2449
RPS18P14	139	147	117
RPS19BP1	25396	21691	24186
RPS25P10	73	69	68
RPS26P59	19	18	12
RPS29P31	6	4	2
RPS3AP51	21	21	23
RPS3AP55	58	62	44
RPS9P2	2629	2899	3634
RRP7A	36565	36036	37366
RRP7BP	1957	2296	2252
RSPH14	166	156	148
RTCB	75685	73869	78991
RTL10	4886	4672	6162
RTL6	1323	1287	994
RTN4R	885	863	892
SAMM50	12209	12303	17359
SBF1	6120	6071	6556
SCARF2	423	439	577
SCO2	1215	1258	1142
SCUBE1	186	202	179
SCUBE1-AS1	22	26	19
SCUBE1-AS2	6	4	4
SDC4P	10	7	14
SDF2L1	24293	26144	20509
SEC14L2	614	589	739
SEC14L3	31	30	34
SEC14L4	21	16	38
SEC14L6	39	39	42
SELENOM	6290	6589	6163
SELENOO	5318	5654	6452
SELENOO-AS1	103	100	95
SEPTIN3	220	160	205
SEPTIN5	235	226	214
SERHL	28	29	31
SERHL2	194	174	160
SERPIND1	397	392	460
SEZ6L	507	484	435
SEZ6L-AS1	21	21	19
SF3A1	42808	43127	47804
SFI1	5808	5413	5665
SGSM1	209	219	211
SGSM3	112	88	121
SGSM3-AS1	185	196	176
SH3BP1	6708	6308	6644
SHANK3	666	688	822
SHISA8	632	555	784
SHISAL1	104	89	121
SIRPAP1	596	682	537
SKP1P4	10	6	13
SLC16A8	98	89	80
SLC25A1	21241	23855	18370
SLC25A15P5	1	1	2
SLC25A17	18450	17440	24134
SLC25A18	137	138	139
SLC25A5P1	2	1	1
SLC2A11	298	343	245
SLC35E4	1594	1614	1833
SLC39A1P1	6	9	6
SLC5A1	44	61	34
SLC5A4	15	11	16
SLC5A4-AS1	18	23	13
SLC7A4	31	29	33
SLC9A3P2	4	3	2
SLC9B1P4	3	1	3
SMARCB1	45831	46054	47191
SMC1B	137	128	85
SMDT1	15464	15917	12213
SMIM45	210	240	197
SMPD4P1	27	32	23
SMTN	1415	1437	1981
SNAP29	18892	18184	25341
SNORD83A	9	7	9
SNRPA1P2	1835	1615	2009
SNRPD3	2353	2129	2698
SNRPNP2	69	66	62
SNU13	87836	83507	69275
SOCS2P2	1	0	0
SOX10	175	179	158
SPECC1L	2925	3294	2696
SPECC1L-ADORA2A	4	8	2
SREBF2	19219	20884	16938
SREBF2-AS1	393	368	323
SRRD	5274	4639	5466
SSBP3P3	5	6	3
SSTR3	1009	960	894
ST13	49287	48359	56949
STMN3P1	14	17	10
SULT4A1	63	74	48
SUN2	33905	34905	32631
SUSD2	83	100	73
SUSD2P1	11	13	15
SUSD2P2	3	0	3
SYCE3	297	272	256
SYN3	67	60	93
SYN3-AS1	5	7	4
SYNGR1	13151	13811	13227
TAB1	9001	9412	9594
TAFA5	174	186	268
TANGO2	8517	8316	7330
TBC1D10A	10209	9585	8563
TBC1D22A	14029	13083	12437
TBC1D22A-AS1	17	8	19
TBC1D22A-DT	2441	2919	1870
TBX1	236	216	247
TCF20	2773	2688	3639
TCN2	26492	26154	27118
TEF	1487	1545	1429
TERF2IPP1	34	33	28
TFIP11	14440	15370	16551
TFIP11-DT	1832	1717	1639
THAP7	10285	10021	13856
THAP7-AS1	1078	1109	1466
THOC5	7352	7169	7646
TIMP3	2081	2438	2145
TMA7B	1726	1774	1985
TMEM121B	1402	1442	1604
TMEM184B	8407	8823	7358
TMEM191A	453	480	414
TMEM191B	618	595	546
TMEM191C	536	492	600
TMPRSS6	177	185	210
TNFRSF13C	27335	26020	22056
TNRC6B	39670	38273	36764
TNRC6B-DT	78	87	63
TOB2	14341	15788	12510
TOM1	43684	43784	47793
TOMM22	37396	38509	33654
TOMM22-DT	133	159	117
TOMM40P2	428	440	369
TOP3B	19	26	23
TOP3BP1	14	19	14
TPST2	74431	64703	66280
TPTEP1	3231	3411	3121
TPTEP2	11	11	14
TPTEP2-CSNK1E	6	10	5
TRABD	23284	24545	18372
TRABD-AS1	748	723	971
TRIOBP	57221	51477	51480
TRMT112P8	30	28	27
TRMT2A	6023	5506	7137
TRMU	5375	5015	9610
TRNT1P2	8	8	5
TSPO	99481	113337	106394
TST	4224	4373	3814
TTC28	375	351	312
TTC28-AS1	1280	1303	1115
TTC38	24051	26373	19948
TTLL1	3897	3779	3840
TTLL1-AS1	135	126	96
TTLL12	15086	14967	17674
TTLL8	84	91	69
TUBA3FP	21	24	26
TUBA3GP	26	25	25
TUBA8	309	332	306
TUBGCP6	2127	1962	2291
TUG1	17305	16711	14332
TXN2	69801	74140	66149
TXNRD2	4868	4863	4215
TYMP	263190	302833	227895
U6	1	1	1
U7	1	1	2
UBE2L3	77501	83478	69241
UFD1	36573	33133	44224
UFD1-AS1	256	199	308
UPB1	845	691	686
UPK3A	2121	2304	1726
UQCR10	8622	8232	12909
UQCRFS1P1	12907	15929	16905
USP10P3	112	102	100
USP18	63301	64457	65771
USP41P	65	73	58
VN1R9P	3	8	1
VPREB1	118	151	102
VPREB3	5238	5702	3735
VWFP1	8	9	2
WBP2NL	98	91	95
WNT7B	262	251	214
XBP1	247720	236560	245017
XKR3	1085	1012	874
XPNPEP3	2433	2342	2116
XRCC6	112704	111808	129113
YDJC	12075	11739	12629
YES1P1	46	45	46
YME1L1P1	1	0	0
YPEL1	1467	1539	1594
YWHAH	208774	234082	262350
YWHAH-AS1	97	112	102
Y_RNA	270	267	273
ZBED4	3685	3461	2978
ZC3H7B	1683	1458	1547
ZDHHC8	1681	1670	2023
ZMAT5	19082	18944	23570
ZNF280A	13	19	12
ZNF280B	2160	2225	1616
ZNF402P	25	27	26
ZNF70	332	401	269
ZNF73P	4	5	3
ZNF74	1178	1192	1187
ZNRF3	455	444	507
ZNRF3-AS1	34	42	20
ZNRF3-IT1	3	3	2
